Workbook

Sheet escolha_do_sku
A1: Como funciona: da aba "Base de Dados", copie a linha que contém os dados do SKU que você deseja analisar e cole na linha 5 desta aba. Pronto! Agora é so olhar a aba "Grafico".
A4: classe de pedidos | B4: classe de valores | C4: sku | D4: demanda do mês 24 | E4: demanda do mês 23 | F4: demanda do mês 22 | G4: demanda do mês 21 | H4: demanda do mês 20 | I4: demanda do mês 19 | J4: demanda do mês 18 | K4: demanda do mês 17 | L4: demanda do mês 16 | M4: demanda do mês 15 | N4: demanda do mês 14 | O4: demanda do mês 13 | P4: demanda do mês 12 | Q4: demanda do mês 11 | R4: demanda do mês 10 | S4: demanda do mês 9 | T4: demanda do mês 8 | U4: demanda do mês 7 | V4: demanda do mês 6 | W4: demanda do mês 5 | X4: demanda do mês 4 | Y4: demanda do mês 3 | Z4: demanda do mês 2 | AA4: demanda do mês 1 | AB4: previsão mês corrente | AC4: previsão mês corrente + 1 | AD4: previsão mês corrente + 2 | AE4: previsão mês corrente + 3 | AF4: previsão mês corrente + 4 | AG4: previsão mês corrente + 5 | AH4: previsão mês corrente + 6 | AI4: previsão mês corrente + 7 | AJ4: previsão mês corrente + 8 | AK4: previsão mês corrente + 9 | AL4: previsão mês corrente + 10 | AM4: previsão mês corrente + 11 | AN4: classe ABC pedidos | AO4: classe ABC valores | AP4: Estoque segurança mês corrente | AQ4: Estoque segurança mês corrente + 1 | AR4: Estoque segurança mês corrente + 2 | AS4: Estoque segurança mês corrente + 3 | AT4: Estoque segurança mês corrente + 4 | AU4: Estoque segurança mês corrente + 5 | AV4: Estoque segurança mês corrente + 6 | AW4: Estoque segurança mês corrente + 7 | AX4: Estoque segurança mês corrente + 8 | AY4: Estoque segurança mês corrente + 9 | AZ4: Estoque segurança mês corrente + 10 | BA4: Estoque segurança mês corrente + 11 | BB4: estoque_atual | BC4: leadtime_dias | BD4: custo_unitario
A5: A | B5: A | C5: AR003122 | D5: 0 | E5: 0 | F5: 0 | G5: 0 | H5: 0 | I5: 0 | J5: 0 | K5: 0 | L5: 0 | M5: 0 | N5: 0 | O5: 0 | P5: 0 | Q5: 4400 | R5: 1500 | S5: 2200 | T5: 0 | U5: 0 | V5: 0 | W5: 0 | X5: 400 | Y5: 1200 | Z5: 0 | AA5: 0 | AB5: 403 | AC5: 403 | AD5: 403 | AE5: 403 | AF5: 403 | AG5: 403 | AH5: 403 | AI5: 403 | AJ5: 403 | AK5: 403 | AL5: 403 | AM5: 403 | AN5: A | AO5: A | AP5: 4674 | AQ5: 4674 | AR5: 4674 | AS5: 4674 | AT5: 4674 | AU5: 4674 | AV5: 4674 | AW5: 4674 | AX5: 4674 | AY5: 4674 | AZ5: 4674 | BA5: 4674 | BB5: 1000 | BC5: 120 | BD5: 4.9135

Sheet grafico
A1: classe de pedidos | B1: classe de valores | C1: sku | D1: demanda do mês 24 | E1: demanda do mês 23 | F1: demanda do mês 22 | G1: demanda do mês 21 | H1: demanda do mês 20 | I1: demanda do mês 19 | J1: demanda do mês 18 | K1: demanda do mês 17 | L1: demanda do mês 16 | M1: demanda do mês 15 | N1: demanda do mês 14 | O1: demanda do mês 13 | P1: demanda do mês 12 | Q1: demanda do mês 11 | R1: demanda do mês 10 | S1: demanda do mês 9 | T1: demanda do mês 8 | U1: demanda do mês 7 | V1: demanda do mês 6 | W1: demanda do mês 5 | X1: demanda do mês 4 | Y1: demanda do mês 3 | Z1: demanda do mês 2 | AA1: demanda do mês 1 | AB1: previsão mês corrente | AC1: previsão mês corrente + 1 | AD1: previsão mês corrente + 2 | AE1: previsão mês corrente + 3 | AF1: previsão mês corrente + 4 | AG1: previsão mês corrente + 5 | AH1: previsão mês corrente + 6 | AI1: previsão mês corrente + 7 | AJ1: previsão mês corrente + 8 | AK1: previsão mês corrente + 9 | AL1: previsão mês corrente + 10 | AM1: previsão mês corrente + 11 | AN1: classe ABC pedidos | AO1: classe ABC valores | AP1: Estoque segurança mês corrente | AQ1: Estoque segurança mês corrente + 1 | AR1: Estoque segurança mês corrente + 2 | AS1: Estoque segurança mês corrente + 3 | AT1: Estoque segurança mês corrente + 4 | AU1: Estoque segurança mês corrente + 5 | AV1: Estoque segurança mês corrente + 6 | AW1: Estoque segurança mês corrente + 7 | AX1: Estoque segurança mês corrente + 8 | AY1: Estoque segurança mês corrente + 9 | AZ1: Estoque segurança mês corrente + 10 | BA1: Estoque segurança mês corrente + 11 | BB1: estoque_atual | BC1: leadtime_dias | BD1: custo_unitario
A2: =I8 -> 0 | B2: =escolha_do_sku!B5 -> A | C2: =escolha_do_sku!C5 -> AR003122 | D2: =escolha_do_sku!D5 -> 0 | E2: =escolha_do_sku!E5 -> 0 | F2: =escolha_do_sku!F5 -> 0 | G2: =escolha_do_sku!G5 -> 0 | H2: =escolha_do_sku!H5 -> 0 | I2: =escolha_do_sku!I5 -> 0 | ... BD2: =escolha_do_sku!BD5 -> 4.9135
C5: 12 m + antigos | D5: =D2 -> 0 | E5: =E2 -> 0 | F5: =F2 -> 0 | G5: =G2 -> 0 | H5: =H2 -> 0 | I5: =I2 -> 0 | J5: =J2 -> 0 | K5: =K2 -> 0 | ... O5: =O2 -> 0
C6: 12 m + recentes | O6: =O5 -> 0 | P6: =P2 -> 0 | Q6: =Q2 -> 4400 | R6: =R2 -> 1500 | S6: =S2 -> 2200 | T6: =T2 -> 0 | U6: =U2 -> 0 | V6: =V2 -> 0 | W6: =W2 -> 0 | ... AA6: =AA2 -> 0
C7: 12 previsões | AA7: =AA6 -> 0 | AB7: =AB2 -> 403 | AC7: =AC2 -> 403 | AD7: =AD2 -> 403 | AE7: =AE2 -> 403 | AF7: =AF2 -> 403 | AG7: =AG2 -> 403 | AH7: =AH2 -> 403 | AI7: =AI2 -> 403 | ... AM7: =AM2 -> 403
C8: 12 Estoques Segurança | AB8: =AP2 -> 4674 | AC8: =AQ2 -> 4674 | AD8: =AR2 -> 4674 | AE8: =AS2 -> 4674 | AF8: =AT2 -> 4674 | AG8: =AU2 -> 4674 | AH8: =AV2 -> 4674 | AI8: =AW2 -> 4674 | ... AM8: =BA2 -> 4674
C9: previsões + estoques segurança | AB9: =SUM(AB7:AB8) -> 5077 | AC9: =SUM(AC7:AC8) -> 5077 | AD9: =SUM(AD7:AD8) -> 5077 | AE9: =SUM(AE7:AE8) -> 5077 | AF9: =SUM(AF7:AF8) -> 5077 | AG9: =SUM(AG7:AG8) -> 5077 | AH9: =SUM(AH7:AH8) -> 5077 | AI9: =SUM(AI7:AI8) -> 5077 | ... AM9: =SUM(AM7:AM8) -> 5077
